{
  "project_info": {
    "project_number": "581037629300",
    "project_id": "poet3-d05b5",
    "storage_bucket": "poet3-d05b5.appspot.com"
  },
  "client": [
    {
      "client_info": {
        "mobilesdk_app_id": "1:581037629300:android:e68d120dac152dc576d621",
        "android_client_info": {
          "package_name": "com.example.poet3"
        }
      },
      "oauth_client": [
        {
          "client_id": "581037629300-hg9u2e5pt7sgmfav460rolv0udcb1tl3.apps.googleusercontent.com",
          "client_type": 3
        }
      ],
      "api_key": [
        {
          "current_key": "AIzaSyBnhdcB2tSMJ7PbjOhBSt1CHYruz2lYhX0"
        }
      ],
      "services": {
        "appinvite_service": {
          "other_platform_oauth_client": [
            {
              "client_id": "581037629300-hg9u2e5pt7sgmfav460rolv0udcb1tl3.apps.googleusercontent.com",
              "client_type": 3
            }
          ]
        }
      }
    }
  ],
  "configuration_version": "1"
}